image,variant,context,story,see_s,story_s,word_count,length_valid,truncated,distinct3,clip_image_story_mean,clip_image_story_min,clip_image_caption,nli_contra_mean,nli_contra_max,attribute_conflict,grounding_score,grounding_pass,runtime_s
chihiro003.jpg,A_baseline,a painting of a street scene with a man walking down the street,"A man, dressed in a simple yet stylish suit, steps onto the bustling streets of a city. He strides forward with a steady pace, his eyes scanning the crowd below him. The sun is shining brightly, casting a warm glow over the pavement. The man's footsteps are soft and deliberate, as if he's been walking for hours. He passes by shops and cafes, each one adding to the lively atmosphere of the city. As he reaches the end of the street, he stops to take a moment to admire the view. The city lights flicker and dance in the distance, creating a mesmerizing backdrop against the sky.",5.97,79.54,107,True,False,1.0,0.2307659387588501,0.21126827597618103,0.31256040930747986,0.03834515064954758,0.10634664446115494,[],0.8000377764304478,True,30.638372099998378
chihiro003.jpg,B_improved,"The image is an illustration of a street scene in a European city. The street is lined with colorful buildings, including a green building with a star on the top left corner, a yellow building with arched windows, and a pink building with red lanterns hanging from the roof. There are also several shops and restaurants on the street, including one with a blue awning and another with a yellow awnings. In the center of the image, there is a man and two children walking on the sidewalk. The sky is blue and there are a few clouds in the background. The overall style of the illustration is whimsical and playful. Objects visible: building, house, window.","In the heart of a European city, a vibrant street scene unfolds. The streets are lined with colorful buildings, each adorned with a unique design. A green building stands at the top left, its topmost window adorned with a star. A yellow building has arches that frame its windows, while a pink building with red lanterns hangs from its roof. Beside it, a blue awning shelters a man and his two children as they stroll along the sidewalk. The sky above is a deep blue, and the clouds stretch out below, adding to the whimsical atmosphere.",18.97,13.44,96,True,False,0.9893617021276596,0.25862106680870056,0.2327141910791397,0.3232707977294922,0.005437580402940512,0.017127972096204758,[],0.8874811459953587,True,2.3094657999972696
thumb-chihiro001.png,A_baseline,a girl sitting in the back of a car with a bunch of flowers,"A girl sat in the back of a car, surrounded by a bouquet of colorful flowers. The sun was shining through the window, casting a warm glow over her. She looked up at the sky, admiring the beauty of nature around her. The girl's eyes sparkled with happiness as she took a deep breath and closed her eyes, feeling grateful for the simple pleasures in life.",10.87,17.06,66,False,False,1.0,0.2347366362810135,0.20888005197048187,0.30579298734664917,0.03863396495580673,0.13738390803337097,[],0.8105107774337132,False,0.9166455999984464
thumb-chihiro001.png,B_improved,"The image shows a young boy sitting in the back seat of a car. He is wearing a green and red striped shirt, red shorts, and white sneakers. He has brown hair and is holding a pink flower in his hand. The car has a blue Adidas bag on the left side and a cardboard box on the right side. There are also some items scattered around the car, including a pink bunny and a blue bag with the word ""KINOKUKU"" written on it. The background shows a green lawn and trees. The boy appears to be relaxed and enjoying his time in the car. Objects visible: footwear, human face, person.","The young boy sat in the back seat of the car, his eyes fixed on the colorful items scattered around him. He was wearing a green and red striped shirt, red shorts, and white sneakers. His brown hair was tied into a ponytail, and he held a pink flower in his hand. The car had a blue Adidas bag on the left side and a cardboard box on the right side. There were also some items scattered around the car, including a pink bunny and a blue bag with the word ""KINOKUKU"" written on it. The background showed a green lawn and trees. The boy appeared to be relaxed and enjoying his time in the car.",11.49,13.78,116,True,False,0.9912280701754386,0.25157538056373596,0.18417595326900482,0.32329046726226807,0.016397180035710335,0.07082658261060715,[],0.8643088094890119,True,2.073485900000378
thumb-chihiro002.png,A_baseline,a woman sitting on a rock next to a car,"A woman sat on a worn, weathered rock beside a sleek, modern car. The sun cast a warm, golden glow over her face as she gazed out at the vast expanse of the road below. She had been driving for hours, driven by the relentless rush of traffic and the constant need to reach her destination. Her eyes scanned the horizon, searching for any sign of trouble or danger. The car pulled up to the curb, and the woman stepped out, her heart pounding with anticipation.",1.4,15.47,86,True,False,1.0,0.22736768424510956,0.20696429908275604,0.2900570333003998,0.28837937116622925,0.9785480499267578,[],0.6909620761871338,True,1.2834623999988253
thumb-chihiro002.png,B_improved,"The image shows a young girl standing next to a large green monster statue in a forest. The monster is standing on its hind legs with its mouth open and tongue sticking out, as if it is laughing. The girl is wearing a green and white striped shirt, red shorts, and yellow shoes. She has brown hair and is looking at the monster with a sad expression. Behind the monster, there is a black car parked on the side of the road. The trees and bushes surrounding the car are tall and green, and the ground is covered in fallen leaves. Objects visible: car, footwear, human face, person.","In the heart of a dense forest, a young girl stood beside a large green monster statue. The monster, standing on its hind legs with its mouth open and tongue sticking out, appeared to be laughing. The girl wore a green and white striped shirt, red shorts, and yellow shoes. Her brown hair was tied back in a messy bun, and she looked down at the monster with a sad expression. Behind the monster, a black car parked on the side of the road. The trees and bushes surrounding the car were tall and green, and the ground was covered in fallen leaves.",11.14,11.59,103,True,False,1.0,0.2606569528579712,0.21446287631988525,0.38044798374176025,0.29708707332611084,0.7196996212005615,[],0.7762503782908121,True,1.8092902999997023
thumb-chihiro004.png,A_baseline,a man and woman sitting at a table eating food,"A man and woman sat at a table, their faces in a serene expression as they ate their meal together. The table was set with plates and utensils, and the aroma of the food filled the air. They were enjoying their meal, savoring every bite, and the conversation flowed easily between them.",1.41,13.73,52,False,False,1.0,0.2636551856994629,0.230113685131073,0.30934804677963257,0.002956843702122569,0.005423396825790405,[],0.9018977577177187,False,0.7775274000014178
thumb-chihiro004.png,B_improved,"The image shows a family of three - a man, a woman and a child - sitting at a table in a restaurant. The man is on the right side of the image, wearing a blue shirt and holding a hot dog in his mouth. He is eating a meal with chopsticks. The woman is sitting on the left side, holding a red bowl and appears to be eating it. The child is standing in the background, looking at the man and the food. The table is covered with plates of food, including a large piece of meat, a plate of fries, and a small bowl of sauce. The restaurant has a wooden floor and a wooden wall with a","The family sat at a wooden table in a restaurant. The man was wearing a blue shirt and holding a hot dog in his mouth. He was eating a meal with chopsticks. The woman was sitting on the left side, holding a red bowl and appeared to be eating it. The child was standing in the background, looking at the man and the food. The table was covered with plates of food, including a large piece of meat, a plate of fries, and a small bowl of sauce. The wooden floor and wooden wall with a sign reading ""Welcome"" were visible.",11.72,20.8,101,True,False,1.0,0.24695894122123718,0.1967630386352539,0.3799503445625305,0.458575040102005,0.9010863304138184,[],0.6751271605491639,True,1.5501053000007232
thumb-chihiro005.png,A_baseline,a man in a suit and tie is standing on a ledge,"A man in a formal suit and tie stands on a ledge, his eyes fixed on the horizon as he looks out at the bustling city below. The sun is setting, casting a warm glow over the cityscape. He takes a deep breath, feeling the tension in his chest. The man's heart races as he prepares to make a statement, but before he can say anything, the city begins to shake. The man's eyes widen in shock as he realizes that he has just witnessed a massive earthquake. He runs to the nearest building, where he quickly assesses the damage. The man's heart sinks as he realizes that he has lost everything.",1.42,26.98,112,True,False,0.9545454545454546,0.22179855406284332,0.21443547308444977,0.21161752939224243,0.2866584360599518,0.9819679856300354,[],0.6767994364102682,True,1.370903900002304
thumb-chihiro005.png,B_improved,"The image shows a young boy with green hair, wearing a blue shirt and a purple belt, standing on a balcony overlooking a body of water. He is holding a small object in his hand and appears to be looking out at the horizon. The sky is dark and cloudy, and there are a few white birds flying in the air around him. The water is calm and there is a red railing in the foreground. The overall mood of the image is peaceful and serene. Objects visible: human face, person.","The young boy with green hair stands on a balcony overlooking a body of water, holding a small object in his hand. He appears to be looking out at the horizon, his eyes fixed on the distant clouds. The sky is dark and cloudy, with a few white birds flying in the air around him. The water is calm, and there is a red railing in the foreground. The overall mood of the image is peaceful and serene.",12.42,29.82,78,False,False,1.0,0.24160149693489075,0.19736787676811218,0.29917168617248535,0.006194575689733028,0.02301741950213909,[],0.841792828217149,False,1.3829005000006873
thumb-chihiro006.png,A_baseline,a pig is painting a picture of a man,"A pig, with its long snout and bushy tail, was painting a picture of a man in a field. The pig's eyes were fixed on the figure, his brush strokes soft and gentle, capturing every detail of the man's face and body. The pig's face was a mix of joy and sadness, as if the man had just been through a difficult time. The pig's heart was full of love for the man, who had brought so much happiness to their lives.",1.38,18.34,82,True,False,1.0,0.28476056456565857,0.2718437910079956,0.2726479172706604,0.1347789764404297,0.4842175543308258,[],0.905449914932251,True,1.148502500000177
thumb-chihiro006.png,B_improved,"The image is an illustration of a pig wearing a blue shirt. The pig is standing in a kitchen with a countertop and a window in the background. It has a big smile on its face and is holding a plate of food in its mouth. The food appears to be a variety of dishes, including meat, vegetables, and sauces. The colors are bright and vibrant, with shades of pink, orange, and yellow. The overall mood of the image is cheerful and playful. Objects visible: pig.","The pig, wearing a blue shirt, stood in a kitchen with a countertop and a window in the background. Its big smile was evident as it held a plate of food in its mouth. The food appeared to be a variety of dishes, including meat, vegetables, and sauces. The colors were bright and vibrant, with shades of pink, orange, and yellow. The overall mood of the image was cheerful and playful.",11.81,29.31,71,False,False,1.0,0.24185176193714142,0.18901577591896057,0.3284159302711487,0.001325614983215928,0.0017277720617130399,[],0.8444077858390908,False,1.2457321000001684
thumb-chihiro007.png,A_baseline,a restaurant with a table and chairs,"In a quaint town nestled between rolling hills, there stood a cozy restaurant known for its warm ambiance and delicious cuisine. The restaurant was a charming retreat, with a rustic wooden floor and a cozy fireplace that added warmth to the space. The tables were arranged in a traditional French style, with each chair upholstered in rich, dark wood. The air was filled with the scent of aged cheese and the sound of laughter from patrons enjoying their meals. As the sun began to set, casting long shadows across the room, the restaurant transformed into a magical place. The atmosphere was electric, with the sound of music playing softly in the background, adding to the enchanting ambiance.",1.42,28.76,117,True,False,0.991304347826087,0.23714762926101685,0.20890410244464874,0.2210131734609604,0.13824579119682312,0.7171770930290222,[],0.7770953615506491,True,1.6945325000015146
thumb-chihiro007.png,B_improved,"The image shows the entrance of a Chinese restaurant. The entrance is decorated with colorful stained glass windows on both sides. Above the entrance, there are red lanterns hanging from the ceiling. The lanterns are in the shape of Chinese characters and are lit up with red lantern lights. In front of the entrance is a counter with a blue and white checkered tablecloth and a bowl of food on it. There are four small wooden stools in front of it. The background is a wall with a mural of a bird and other objects. The overall atmosphere of the image is festive and lively. Objects visible: bowl, chair, lantern, stool.","In the heart of the bustling city, a vibrant Chinese restaurant stood as a beacon of warmth and joy. The entrance was adorned with intricate stained glass windows that shimmered with colors of red and gold, each window depicting scenes of prosperity and good fortune. Above the entrance, red lanterns hung from the ceiling, casting a warm glow over the entire space. The lanterns were intricately carved with Chinese characters, each one a symbol of hope and prosperity. In front of the entrance, a cozy counter with a blue and white checkered tablecloth and a bowl of food sat invitingly. Four small wooden stools stood in front of it, their backs facing the entrance, ready to serve customers.",11.05,18.4,118,True,False,0.9913793103448276,0.2581561207771301,0.23099982738494873,0.3012690246105194,0.03454650193452835,0.16432195901870728,[],0.8745977212985356,True,2.285800300000119
thumb-chihiro008.png,A_baseline,a scene of a town with a man and a dog,"In the heart of a bustling town, where the streets buzz with life, stood a quaint little house. Inside, a man sat at his desk, surrounded by piles of papers and a book he had been reading for hours. His eyes were fixed on the page, lost in thought. Across the room, a small dog lay on the floor, its fur tousled and wagging its tail. The dog's owner, a woman, sat beside him, her hands clasped together, her face expressionless as she watched the man's thoughts. The man's mind wandered to the latest news from his city, the weather forecast, and the upcoming election. He couldn't help but think about his own life, the challenges he faced every day.",1.24,29.0,120,True,False,1.0,0.21697457134723663,0.19541257619857788,0.2885856032371521,0.7270439863204956,0.9986572265625,[],0.48778126239776615,False,1.3231245999995735
thumb-chihiro008.png,B_improved,"The image is a screenshot from a video game. It shows a scene from a small town at night. The town is lit up with red lights and there are several buildings with arched windows and doors. The buildings are decorated with various patterns and designs. In the center of the image, there is a small figure of a person standing in front of a doorway with a sign that reads ""Welcome to the town"". The person is wearing a white shirt and blue jeans and is holding a sword in their right hand. On the right side of the screen, there are two other figures, one of which appears to be a woman with long dark hair and a","In the small town at night, lit by red lights, a figure stands before a doorway adorned with colorful patterns and designs. The person, wearing a white shirt and blue jeans, holds a sword in their right hand. Two other figures appear on the right side of the screen, one of whom is a woman with long dark hair and a mysterious expression.",11.25,21.45,63,False,False,1.0,0.2741308808326721,0.23095092177391052,0.35146331787109375,0.005058468319475651,0.007570292335003614,[],0.9289922948926688,False,1.0087402000026486
