image,variant,context,story,see_s,story_s,word_count,length_valid,clip_image_story_mean,clip_image_story_min,clip_image_caption,nli_contra_mean,nli_contra_max,attribute_conflict,grounding_score,grounding_pass,runtime_s
chihiro003.jpg,A_baseline,a painting of a street scene with a man walking down the street,"A man steps out onto the bustling street, his footsteps echoing through the concrete. He's dressed in a casual yet stylish outfit, a pair of jeans and a t-shirt that shows off his muscular build. The sun is shining brightly, casting a warm glow over the cityscape below. The man's eyes are fixed on the sidewalk, looking for something to grab. He's walking slowly, taking his time to enjoy the moment.",3.07,46.54,71,False,0.2193448543548584,0.1763153374195099,0.31256040930747986,0.1114203929901123,0.2797585129737854,[],0.740351454416911,False,30.334873699997843
chihiro003.jpg,B_improved,"The image is an illustration of a street scene in a European city. The street is lined with colorful buildings, including a green building with a star on the top left corner, a yellow building with arched windows, and a pink building with red lanterns hanging from the roof. There are also several shops and restaurants on the street, including one with a blue awning and another with a yellow awnings. In the center of the image, there is a man and two children walking on the sidewalk. The sky is blue and there are a few clouds in the background. The overall style of the illustration is whimsical and playful. Objects visible: building, house, window.","In the heart of a European city, a vibrant street scene unfolds. The streets are lined with colorful buildings, each adorned with a unique design. A green building stands at the top left, its topmost window adorned with a star. A yellow building has arches that frame its windows, while a pink building with red lanterns hangs from its roof. Beside it, a blue awning shelters a man and his two children as they stroll along the sidewalk. The sky above is a deep blue, and the clouds stretch out below, adding to the whimsical atmosphere.",17.83,17.1,96,True,0.25862106680870056,0.2327141910791397,0.3232707977294922,0.005437580402940512,0.017127972096204758,[],0.8874811459953587,True,2.588148099999671
thumb-chihiro001.png,A_baseline,a girl sitting in the back of a car with a bunch of flowers,"A girl sat in the back of a car, surrounded by colorful flowers. The sun shone through the window, casting a warm glow on her face. She was lost in thought as she gazed at the vibrant blooms, feeling grateful for the beauty around her.",4.48,6.97,45,False,0.24719767272472382,0.21504226326942444,0.30579298734664917,0.007564343512058258,0.0169710423797369,[],0.8561680565277736,False,0.8597711000002164
thumb-chihiro001.png,B_improved,"The image shows a young boy sitting in the back seat of a car. He is wearing a green and red striped shirt, red shorts, and white sneakers. He has brown hair and is holding a pink flower in his hand. The car has a blue Adidas bag on the left side and a cardboard box on the right side. There are also some items scattered around the car, including a pink bunny and a blue bag with the word ""KINOKUKU"" written on it. The background shows a green lawn and trees. The boy appears to be relaxed and enjoying his time in the car. Objects visible: footwear, human face, person.","The young boy sat in the back seat of the car, his eyes fixed on the colorful items scattered around him. He was wearing a green and red striped shirt, red shorts, and white sneakers. His brown hair was tied into a ponytail, and he held a pink flower in his hand. The car had a blue Adidas bag on the left side and a cardboard box on the right side. There were also some items scattered around the car, including a pink bunny and a blue bag with the word ""KINOKUKU"" written on it. The background showed a green lawn and trees. The boy appeared to be relaxed and enjoying his time in the car.",18.31,20.43,116,True,0.25157538056373596,0.18417595326900482,0.32329046726226807,0.016397180035710335,0.07082658261060715,[],0.8643088094890119,True,2.542766300000949
thumb-chihiro002.png,A_baseline,a woman sitting on a rock next to a car,"A woman sits alone on a rocky outcropping, gazing out at the car that drives by. The sun sets over the horizon, casting long shadows across the landscape. She takes a deep breath, feeling the cool breeze on her face as she watches the world pass by.",2.22,7.52,47,False,0.2094259113073349,0.1301334947347641,0.2900570333003998,0.28709375858306885,0.8385908603668213,[],0.6436315933863322,False,1.0088987999988603
thumb-chihiro002.png,B_improved,"The image shows a young girl standing next to a large green monster statue in a forest. The monster is standing on its hind legs with its mouth open and tongue sticking out, as if it is laughing. The girl is wearing a green and white striped shirt, red shorts, and yellow shoes. She has brown hair and is looking at the monster with a sad expression. Behind the monster, there is a black car parked on the side of the road. The trees and bushes surrounding the car are tall and green, and the ground is covered in fallen leaves. Objects visible: car, footwear, human face, person.","In the heart of a dense forest, a young girl stood beside a large green monster statue. The monster, standing on its hind legs with its mouth open and tongue sticking out, appeared to be laughing. The girl wore a green and white striped shirt, red shorts, and yellow shoes. Her brown hair was tied back in a messy bun, and she looked down at the monster with a sad expression. Behind the monster, a black car parked on the side of the road. The trees and bushes surrounding the car were tall and green, and the ground was covered in fallen leaves.",16.92,21.23,103,True,0.2606569528579712,0.21446287631988525,0.38044798374176025,0.29708707332611084,0.7196996212005615,[],0.7762503782908121,True,2.242246100002376
thumb-chihiro004.png,A_baseline,a man and woman sitting at a table eating food,"A man and woman sit at a table, sipping on coffee and savoring their meal. The aroma of freshly baked bread fills the air as they chat about their day.",2.7,4.88,30,False,0.2635205388069153,0.24825897812843323,0.30934804677963257,0.018481921404600143,0.03157787397503853,[],0.8953286682566006,False,0.8915285000002768
thumb-chihiro004.png,B_improved,"The image shows a family of three - a man, a woman and a child - sitting at a table in a restaurant. The man is on the right side of the image, wearing a blue shirt and holding a hot dog in his mouth. He is eating a meal with chopsticks. The woman is sitting on the left side, holding a red bowl and appears to be eating it. The child is standing in the background, looking at the man and the food. The table is covered with plates of food, including a large piece of meat, a plate of fries, and a small bowl of sauce. The restaurant has a wooden floor and a wooden wall with a","The family sat at a wooden table in a restaurant, enjoying a meal filled with hot dogs, fries, and a bowl of sauce. The man was holding a hot dog in his mouth, while the woman was eating her meal with chopsticks. The child stood nearby, looking at the man and the food. The wooden floor and wooden wall added a touch of rustic charm to the scene.",14.9,10.0,68,False,0.2687799036502838,0.2083052545785904,0.3799503445625305,0.32749077677726746,0.7778778672218323,[],0.7857500990231832,False,1.7760806000005687
thumb-chihiro005.png,A_baseline,a man in a suit and tie is standing on a ledge,"A man in a formal suit and tie stands on a ledge, looking out over a cityscape. The sun glints off his polished leather jacket, casting a warm glow on his face. He takes a deep breath, feeling the tension in his muscles as he prepares to make a statement.",2.22,8.16,50,False,0.20323872566223145,0.1921880543231964,0.21161752939224243,0.04985450208187103,0.14246401190757751,[],0.7220281342665356,False,0.7891582999982347
thumb-chihiro005.png,B_improved,"The image shows a young boy with green hair, wearing a blue shirt and a purple belt, standing on a balcony overlooking a body of water. He is holding a small object in his hand and appears to be looking out at the horizon. The sky is dark and cloudy, and there are a few white birds flying in the air around him. The water is calm and there is a red railing in the foreground. The overall mood of the image is peaceful and serene. Objects visible: human face, person.","The young boy stood on a balcony overlooking a body of water, holding a small object in his hand. The sky was dark and cloudy, and there were a few white birds flying in the air around him. The water was calm and there was a red railing in the foreground. The overall mood of the image was peaceful and serene.",15.93,9.38,61,False,0.2267177700996399,0.1755610704421997,0.29917168617248535,0.0016794357215985656,0.002169266575947404,[],0.803908945977067,False,1.3051784000017506
thumb-chihiro006.png,A_baseline,a pig is painting a picture of a man,"A pig, with its long snout and bushy tail, was painting a picture of a man in a field. The pig's eyes were fixed on the figure, his brush strokes soft and gentle. The man's face was serene, his expression calm and composed. The pig's artistry was evident in every stroke, capturing the essence of the man's presence.",1.67,9.04,58,False,0.26277071237564087,0.20964136719703674,0.2726479172706604,0.05653458461165428,0.20391221344470978,[],0.8781080658237139,False,1.5349614000006113
thumb-chihiro006.png,B_improved,"The image is an illustration of a pig wearing a blue shirt. The pig is standing in a kitchen with a countertop and a window in the background. It has a big smile on its face and is holding a plate of food in its mouth. The food appears to be a variety of dishes, including meat, vegetables, and sauces. The colors are bright and vibrant, with shades of pink, orange, and yellow. The overall mood of the image is cheerful and playful. Objects visible: pig.","The pig, wearing a blue shirt, stood in a kitchen with a countertop and a window in the background. Its big smile was evident as it held a plate of food in its mouth. The food appeared to be a variety of dishes, including meat, vegetables, and sauces. The colors were bright and vibrant, with shades of pink, orange, and yellow. The overall mood of the image was cheerful and playful.",11.54,11.21,71,False,0.24185176193714142,0.18901577591896057,0.3284159302711487,0.001325614983215928,0.0017277720617130399,[],0.8444077858390908,False,1.4830663000029745
thumb-chihiro007.png,A_baseline,a restaurant with a table and chairs,"In the dimly lit restaurant, the soft glow of the overhead light bathed the tables in a warm, inviting light. The air was filled with the scent of freshly baked bread and the aroma of steaming coffee. A friendly waiter greeted each patron with a warm smile, and the conversation flowed effortlessly as they sipped their coffee and ate their meals. The atmosphere was cozy and welcoming, perfect for a special occasion or a casual dinner.",1.97,11.37,76,False,0.24866220355033875,0.22725461423397064,0.2210131734609604,0.19064320623874664,0.73617023229599,[],0.7868419269720714,False,1.1983540000001085
thumb-chihiro007.png,B_improved,"The image shows the entrance of a Chinese restaurant. The entrance is decorated with colorful stained glass windows on both sides. Above the entrance, there are red lanterns hanging from the ceiling. The lanterns are in the shape of Chinese characters and are lit up with red lantern lights. In front of the entrance is a counter with a blue and white checkered tablecloth and a bowl of food on it. There are four small wooden stools in front of it. The background is a wall with a mural of a bird and other objects. The overall atmosphere of the image is festive and lively. Objects visible: bowl, chair, lantern, stool.","In the heart of the bustling city, a vibrant Chinese restaurant stood as a beacon of warmth and joy. The entrance was adorned with intricate stained glass windows that shimmered with colors of red and gold, each window depicting scenes of prosperity and good fortune. Above the entrance, red lanterns hung from the ceiling, casting a warm glow over the entire space. The lanterns were intricately carved with Chinese characters, each one a symbol of hope and prosperity. In front of the entrance, a cozy counter with a blue and white checkered tablecloth and a bowl of food sat invitingly. Four small wooden stools stood in front of it, their backs facing the entrance, ready to serve customers. The background was a vibrant mural of a bird and other objects, adding a touch of whimsy and color to the otherwise serene scene. The overall atmosphere was festive and lively, with the aroma of hot food wafting through the air, mingling with the sweet scent of freshly baked bread and the sound",15.94,23.45,171,False,0.2554366886615753,0.23099982738494873,0.3012690246105194,0.02880028262734413,0.16432195901870728,[],0.8696443900465967,False,2.9089519000008295
thumb-chihiro008.png,A_baseline,a scene of a town with a man and a dog,"In the heart of a bustling town, a man sat on a bench, his eyes fixed on a distant dog. The dog, a golden retriever, wagged its tail in greeting. The man's face lit up as he watched the dog play with a toy, its tail swishing back and forth. The dog, in turn, wagged its tail back and forth, its eyes sparkling with joy. The man smiled, feeling grateful for the simple bond between them.",1.77,11.71,76,False,0.21342667937278748,0.1894567310810089,0.2885856628417969,0.0590384379029274,0.16149362921714783,[],0.7455224364995956,False,1.045097000001988
thumb-chihiro008.png,B_improved,"The image is a screenshot from a video game. It shows a scene from a small town at night. The town is lit up with red lights and there are several buildings with arched windows and doors. The buildings are decorated with various patterns and designs. In the center of the image, there is a small figure of a person standing in front of a doorway with a sign that reads ""Welcome to the town"". The person is wearing a white shirt and blue jeans and is holding a sword in their right hand. On the right side of the screen, there are two other figures, one of which appears to be a woman with long dark hair and a","In the small town at night, lit by red lights, a figure stands before a doorway adorned with colorful patterns and designs. The person, wearing a white shirt and blue jeans, holds a sword in their right hand. Two other figures appear on the right side of the screen, one of whom is a woman with long dark hair and a mysterious expression.",15.56,9.66,63,False,0.2741308808326721,0.23095092177391052,0.35146331787109375,0.005058468319475651,0.007570292335003614,[],0.9289922948926688,False,1.2865246000001207
