image,variant,context,story,see_s,story_s,word_count,length_valid,truncated,clip_image_story_mean,clip_image_story_min,clip_image_caption,nli_contra_mean,nli_contra_max,attribute_conflict,grounding_score,grounding_pass,runtime_s,repeated_sentences,repeated_bigrams,repeated_trigrams,repetition_rate,distinct3,entity_consistency,transition_markers,adjacent_similarity
thumb-chihiro001.png,A_baseline,a girl sitting in the back of a car with a bunch of flowers,"A girl sat in the back of a car, surrounded by a bouquet of colorful flowers. The sun was shining through the window, casting a warm glow over her. She looked up at the sky, admiring the beauty of nature around her. The girl's eyes sparkled with happiness as she took a deep breath and closed her eyes, feeling grateful for the simple pleasures in life.",8.22,37.44,66,False,False,0.2347366362810135,0.20888005197048187,0.30579298734664917,0.03863396495580673,0.13738390803337097,[],0.8105107774337132,False,31.930152499997348,0,0,0,0.0,1.0,1.0,0,1.0
thumb-chihiro001.png,B_improved,"Scene: The image shows a young boy sitting in the back seat of a car. Characters: girl, boy, human. Objects: footwear, human face, person. Actions: sitting, holding, wearing. Region: A young girl sitting on the back seat of a car with a bunch of flowers.. Region: A young boy sitting on a couch with a bouquet of flowers in his hand.. Region: footwear.","In the heart of a bustling city, a young girl sat in the back seat of a sleek, modern car, her eyes fixed on the vibrant bouquet of roses that clung to her lap. She wore a simple, yet elegant dress, adorned with delicate lace and a pair of pearl earrings. Her hair was tied back in a loose bun, and she carried a small, ornate vase filled with fresh blooms. The scene was serene, with the car's engine humming softly in the background. A young boy, his eyes wide with wonder, stood beside her, his face beaming with excitement. He held a bouquet of similar flowers, each one uniquely crafted from different petals.",18.05,34.37,114,True,False,0.243766650557518,0.19575317203998566,0.3658747971057892,0.1675274521112442,0.4370572566986084,[],0.7830334206422169,True,3.0446604999960982,0,5,0,0.0,1.0,1.0,0,1.0
thumb-chihiro002.png,A_baseline,a woman sitting on a rock next to a car,"A woman sat on a worn, weathered rock beside a sleek, modern car. The sun cast a warm, golden glow over her face as she gazed out at the vast expanse of the road below. She had been driving for hours, driven by the relentless rush of traffic and the constant need to reach her destination. Her eyes scanned the horizon, searching for any sign of trouble or danger. The car pulled up to the curb, and the woman stepped out, her heart pounding with anticipation.",1.46,16.63,86,True,False,0.22736768424510956,0.20696429908275604,0.2900570333003998,0.28837937116622925,0.9785480499267578,[],0.6909620761871338,True,1.2255906999998842,0,1,0,0.0,1.0,1.0,0,1.0
thumb-chihiro002.png,B_improved,"Scene: The image shows a young girl standing next to a large green monster statue in a forest. Characters: girl, monster, person, human. Objects: car, footwear, human face, person. Actions: standing, looking, wearing, laughing. Spatial: girl standing next to a car with a g. Region: A young girl standing next to a car with a green monster on the hood.. Region: person. Region: human face.","In the heart of the dense forest, a young girl stood beside a large green monster statue, her eyes twinkling with curiosity. She wore a simple green hoodie and leather boots, her face a mix of mischief and innocence. As she gazed at the towering creature, her laughter filled the air, making the trees sway slightly. The scene was captured by a small camera, capturing the essence of a child's wonder and the magic of nature.",16.53,27.75,76,False,False,0.2566797733306885,0.2157287299633026,0.429108589887619,0.03603725507855415,0.11869779229164124,[],0.8700644935170809,False,1.6678046000015456,0,0,0,0.0,1.0,1.0,0,1.0
thumb-chihiro004.png,A_baseline,a man and woman sitting at a table eating food,"A man and woman sat at a table, their faces in a serene expression as they ate their meal together. The table was set with plates and utensils, and the aroma of the food filled the air. They were enjoying their meal, savoring every bite, and the conversation flowed easily between them.",1.41,16.32,52,False,False,0.2636551856994629,0.230113685131073,0.30934804677963257,0.002956843702122569,0.005423396825790405,[],0.9018977577177187,False,0.9901259999969625,0,2,0,0.0,1.0,1.0,0,1.0
thumb-chihiro004.png,B_improved,"Scene: The image shows a family of three - a man, a woman and a child - sitting at a table in a restaurant. Characters: man, dog, woman, person, human, child. Objects: human face, man, woman. Actions: eating, holding, looking, wearing, standing, sitting. Region: man eating hot dog in restaurant. Region: woman eating red fish in restaurant. Region: person.","The man, wearing a suit, sat at a table with his wife and child. The woman, dressed in a floral dress, was eating a hot dog while her husband held it. The child, who was about 3 years old, was looking at the food with interest. The scene was set in a restaurant, where the man was enjoying a meal with his wife and child, while the woman was enjoying a dish of red fish.",18.14,22.06,75,False,False,0.2694244980812073,0.24677884578704834,0.3299259841442108,0.1515653133392334,0.35701802372932434,[],0.8578392028808595,False,1.186272499995539,0,9,4,0.0556,0.9444,1.0,0,1.0
thumb-chihiro005.png,A_baseline,a man in a suit and tie is standing on a ledge,"A man in a formal suit and tie stands on a ledge, his eyes fixed on the horizon as he looks out at the bustling city below. The sun is setting, casting a warm glow over the cityscape. He takes a deep breath, feeling the tension in his chest. The man's heart races as he prepares to make a statement, but before he can say anything, the city begins to shake. The man's eyes widen in shock as he realizes that he has just witnessed a massive earthquake. He runs to the nearest building, where he quickly assesses the damage. The man's heart sinks as he realizes that he has lost everything.",1.85,32.84,112,True,False,0.22179855406284332,0.21443547308444977,0.21161752939224243,0.2866584360599518,0.9819679856300354,[],0.6767994364102682,True,1.531771200003277,0,10,5,0.0455,0.9545,1.0,0,1.0
thumb-chihiro005.png,B_improved,"Scene: The image shows a young boy with green hair, wearing a blue shirt and a purple belt, standing on a balcony overlooking a. Characters: man, human, boy. Objects: human face, person. Actions: standing, holding, looking, wearing, flying. Region: A young man with green hair and a blue shirt is standing on a red railing.. Region: human face. Style: peaceful.","In a tranquil garden, a young man with green hair and a blue shirt stands on a red railing, his eyes fixed on the distant balcony below. The air is filled with the soft rustling of leaves and the gentle hum of birdsong. He holds a small, delicate vase filled with water, which he carefully places on the balcony's edge. His movements are slow and deliberate, as if he has been waiting for just the right moment to take this moment. The boy's face, painted with a serene expression, reflects the calmness of the scene around him.",15.86,18.55,97,True,False,0.23980621993541718,0.19437053799629211,0.3151217997074127,0.1244085282087326,0.36758115887641907,[],0.7897198418776195,True,1.873217600004864,0,2,0,0.0,1.0,1.0,0,1.0
thumb-chihiro006.png,A_baseline,a pig is painting a picture of a man,"A pig, with its long snout and bushy tail, was painting a picture of a man in a field. The pig's eyes were fixed on the figure, his brush strokes soft and gentle, capturing every detail of the man's face and body. The pig's face was a mix of joy and sadness, as if the man had just been through a difficult time. The pig's heart was full of love for the man, who had brought so much happiness to their lives.",1.41,19.1,82,True,False,0.28476056456565857,0.2718437910079956,0.2726479172706604,0.1347789764404297,0.4842175543308258,[],0.905449914932251,True,0.9781263999975636,0,3,0,0.0,1.0,1.0,0,1.0
thumb-chihiro006.png,B_improved,"Scene: The image is an illustration of a pig wearing a blue shirt. Characters: pig. Objects: pig. Actions: holding, wearing, standing. Region: A cartoon pig with a blue shirt and a green leafy vegetable in its mouth.. Style: illustration.","Once upon a time, in a quaint village nestled between rolling hills and whispering woods, there lived a pig named Piglet. His blue shirt was a symbol of his innocence and his love for nature. One sunny morning, Piglet decided to venture out into the fields to fetch some fresh vegetables. As he walked, he noticed a green leafy vegetable hanging from a nearby tree. Curious, he picked it up and held it close to his chest. The pig's eyes sparkled with excitement as he stood there, gazing at the vibrant green leafy vegetable.",15.46,30.44,94,True,False,0.25508907437324524,0.20656858384609222,0.32037636637687683,0.025269614532589912,0.0859299823641777,[],0.8701296858489513,True,1.8077935999972397,0,3,1,0.0109,0.9891,1.0,0,1.0
thumb-chihiro007.png,A_baseline,a restaurant with a table and chairs,"In a quaint town nestled between rolling hills, there stood a cozy restaurant known for its warm ambiance and delicious cuisine. The restaurant was a charming retreat, with a rustic wooden floor and a cozy fireplace that added warmth to the space. The tables were arranged in a traditional French style, with each chair upholstered in rich, dark wood. The air was filled with the scent of aged cheese and the sound of laughter from patrons enjoying their meals. As the sun began to set, casting long shadows across the room, the restaurant transformed into a magical place. The atmosphere was electric, with the sound of music playing softly in the background, adding to the enchanting ambiance.",1.45,32.6,117,True,False,0.23714762926101685,0.20890410244464874,0.2210131734609604,0.13824579119682312,0.7171770930290222,[],0.7770953615506491,True,1.7720027000032132,0,7,1,0.0087,0.9913,1.0,0,1.0
thumb-chihiro007.png,B_improved,"Scene: The image shows the entrance of a Chinese restaurant. Characters: bird. Objects: bowl, chair, lantern, stool. Region: chair. Region: stool. Region: lantern. Style: lively.","In the heart of the bustling city, where the neon lights flickered and the chatter of people filled the air, there stood a quaint Chinese restaurant. The entrance was adorned with a bowl, a chair, a lantern, and a stool. The bowl was filled with steaming rice, the chair was comfortable for the patrons to sit, the lantern cast a warm glow, and the stool provided a place for the birds to perch. The scene was alive with the sounds of conversation and the aroma of delicious food wafting through the air.",19.17,19.37,92,True,False,0.26814815402030945,0.24239914119243622,0.36552825570106506,0.011320505291223526,0.020086592063307762,[],0.9105335419376692,True,1.036291299998993,0,4,0,0.0,1.0,1.0,0,1.0
thumb-chihiro008.png,A_baseline,a scene of a town with a man and a dog,"In the heart of a bustling town, where the streets buzz with life, stood a quaint little house. Inside, a man sat at his desk, surrounded by piles of papers and a book he had been reading for hours. His eyes were fixed on the page, lost in thought. Across the room, a small dog lay on the floor, its fur tousled and wagging its tail. The dog's owner, a woman, sat beside him, her hands clasped together, her face expressionless as she watched the man's thoughts. The man's mind wandered to the latest news from his city, the weather forecast, and the upcoming election. He couldn't help but think about his own life, the challenges he faced every day.",1.4,36.29,120,True,False,0.21697457134723663,0.19541257619857788,0.2885856032371521,0.7270439863204956,0.9986572265625,[],0.48778126239776615,False,1.6311395000011544,0,2,0,0.0,1.0,1.0,0,1.0
thumb-chihiro008.png,B_improved,"Scene: The image is a screenshot from a video game. Characters: person, figure, woman. Objects: chair, person, window, A small red building with a green door and red lights.. Actions: holding, wearing, standing. Region: A small red building with a green door and red lights.. Region: person. Style: mysterious.","In the dimly lit corner of a small red building, a figure stood, her figure cloaked in shadows. She wore a simple white dress, its fabric shimmering under the flickering light. Her hair was tied back in a loose bun, and she held a small red notebook in one hand. The room was filled with the soft glow of the green lights, casting a warm, inviting light through the windows. The figure's eyes were a deep shade of violet, and her face was lined with lines that hinted at years of experience. She looked out over the building, her gaze fixed on the small red building with its green door and red lights.",16.53,24.33,113,True,False,0.249162495136261,0.2232472002506256,0.31711745262145996,0.10836712270975113,0.26010218262672424,['white'],0.6210864712794621,False,1.37748649999412,0,4,2,0.018,0.982,1.0,0,1.0
chihiro003.jpg,A_baseline,a painting of a street scene with a man walking down the street,"A man, dressed in a simple yet stylish suit, steps onto the bustling streets of a city. He strides forward with a steady pace, his eyes scanning the crowd below him. The sun is shining brightly, casting a warm glow over the pavement. The man's footsteps are soft and deliberate, as if he's been walking for hours. He passes by shops and cafes, each one adding to the lively atmosphere of the city. As he reaches the end of the street, he stops to take a moment to admire the view. The city lights flicker and dance in the distance, creating a mesmerizing backdrop against the sky.",1.79,24.64,107,True,False,0.2307659387588501,0.21126827597618103,0.31256040930747986,0.03834515064954758,0.10634664446115494,[],0.8000377764304478,True,1.478504200000316,0,2,0,0.0,1.0,1.0,0,1.0
chihiro003.jpg,B_improved,"Scene: The image is an illustration of a street scene in a European city. Characters: person, man, children. Objects: building, house, window, colorful buildings with Christmas decorations on street, colorful building with Christmas lanterns and decorations, colorfully painted buildings with red lanterns on street, colorful street scene with yellow building and red lantern, blue building with red tiled roof and balcony. Actions: walking. Region: colorful buildings with Christmas decorations on street. Region: colorful building with Christmas lanterns and decorations. Region: colorfully painted buildings with red lanterns on street. Style: illustration.","In the heart of a bustling European city, a vibrant street scene unfolded. A man, dressed in a crisp white suit, walked down the narrow cobblestone streets. Children played in the cheerful windows, their laughter echoing through the air. As he approached, he noticed a colorful building with a Christmas tree on its roof, adorned with twinkling lights and ornaments. The man stopped to admire it, his eyes reflecting the festive mood. He then turned to see another colorful building, this one with a Christmas lantern hanging from its roof. The man paused again, taking in the beauty of the scene.",19.1,18.9,101,True,False,0.23920850455760956,0.20192018151283264,0.3245730996131897,0.07655087858438492,0.21364633738994598,['white'],0.6072689940532049,False,2.2347603000016534,0,7,1,0.0101,0.9899,1.0,0,1.0
