image,variant,status,error,context,story,see_s,story_s,generation_s,word_count,length_valid,truncated,clip_image_story_mean,clip_image_story_min,clip_image_caption,nli_contra_mean,nli_contra_max,attribute_conflict,grounding_score,grounding_pass,repeated_sentences,repeated_bigrams,repeated_trigrams,repetition_rate,distinct3,eval_clip_s,eval_nli_s,eval_rules_s,eval_total_s
chihiro003.jpg,A_baseline,ok,,a painting of a street scene with a man walking down the street,"A man, dressed in a simple yet stylish suit, steps onto the bustling streets of a city. He strides forward with a steady pace, his eyes scanning the crowd below him. The sun is shining brightly, casting a warm glow over the pavement. The man's footsteps are soft and deliberate, as if he's been walking for hours. He passes by shops and cafes, each one adding to the lively atmosphere of the city. As he reaches the end of the street, he stops to take a moment to admire the view. The city lights flicker and dance in the distance, creating a mesmerizing backdrop against the sky.",1.3,20.17,21.47,107,True,False,0.2307659387588501,0.21126827597618103,0.31256040930747986,0.03834515064954758,0.10634664446115494,,0.8000377764304478,True,0,2,0,0.0,1.0,0.607,0.49,0.0009,1.127
chihiro003.jpg,B_improved,ok,,"Scene: The image is an illustration of a street scene in a European city. Characters: person, children, man. Objects: building, house, window, colorful buildings with Christmas decorations on street, colorful building with Christmas lanterns and decorations, colorfully painted buildings with red lanterns on street, colorful street scene with yellow building and red lantern, blue building with red tiled roof and balcony. Actions: walking. Region: colorful buildings with Christmas decorations on street. Region: colorful building with Christmas lanterns and decorations. Region: colorfully painted buildings with red lanterns on street. Style: colorful.","In the heart of a bustling European city, a vibrant street scene unfolded. Children played joyfully under the twinkling Christmas lights, their laughter echoing through the air. A man stood at the edge of the street, his eyes fixed on the colorful buildings that adorned the streets. The buildings, each with their own unique style, were decorated with Christmas decorations, creating a festive atmosphere. The colorful buildings with Christmas lanterns and decorations added a touch of magic to the scene. The street was filled with people, their faces lit up by the warm glow of the lanterns, while the children's laughter mingled with the cheerful sounds of the street performers.",17.07,15.84,32.91,110,True,False,0.26353201270103455,0.24023525416851044,0.32296356558799744,0.03955753892660141,0.07470525801181793,,0.886929018298785,True,0,7,2,0.0185,0.9815,1.385,1.352,0.0009,2.768
thumb-chihiro001.png,A_baseline,ok,,a girl sitting in the back of a car with a bunch of flowers,"A girl sat in the back of a car, surrounded by a bouquet of colorful flowers. The sun was shining through the window, casting a warm glow over her. She looked up at the sky, admiring the beauty of nature around her. The girl's eyes sparkled with happiness as she took a deep breath and closed her eyes, feeling grateful for the simple pleasures in life.",1.4,16.47,17.87,66,False,False,0.2347366362810135,0.20888005197048187,0.30579298734664917,0.03863396495580673,0.13738390803337097,,0.8105107774337132,False,0,0,0,0.0,1.0,0.575,0.378,0.0003,0.955
thumb-chihiro001.png,B_improved,ok,,"Scene: The image shows a young boy sitting in the back seat of a car. Characters: girl, boy, human. Objects: footwear, human face, person. Actions: sitting, holding, wearing. Region: A young girl sitting on the back seat of a car with a bunch of flowers.. Region: A young boy sitting on a couch with a bouquet of flowers in his hand.. Region: footwear.","In the heart of a bustling city, a young girl sat in the back seat of a sleek, modern car, her eyes fixed on the vibrant bouquet of roses that clung to her lap. She wore a simple, yet elegant dress, adorned with delicate lace and a pair of pearl earrings. Her hair was tied back in a loose bun, and she carried a small, ornate vase filled with fresh blooms. The scene was serene, with the car's engine humming softly in the background. A young boy, his eyes wide with wonder, stood beside her, his face beaming with excitement. He held a bouquet of similar flowers, each one uniquely crafted from different petals.",15.55,27.68,43.23,114,True,False,0.243766650557518,0.19575317203998566,0.3658747971057892,0.1675274521112442,0.4370572566986084,,0.7830334206422169,True,0,5,0,0.0,1.0,0.973,1.199,0.0004,2.174
thumb-chihiro002.png,A_baseline,ok,,a woman sitting on a rock next to a car,"A woman sat on a worn, weathered rock beside a sleek, modern car. The sun cast a warm, golden glow over her face as she gazed out at the vast expanse of the road below. She had been driving for hours, driven by the relentless rush of traffic and the constant need to reach her destination. Her eyes scanned the horizon, searching for any sign of trouble or danger. The car pulled up to the curb, and the woman stepped out, her heart pounding with anticipation.",1.27,14.36,15.63,86,True,False,0.22736768424510956,0.20696429908275604,0.2900570333003998,0.28837937116622925,0.9785480499267578,,0.6909620761871338,True,0,1,0,0.0,1.0,0.725,0.486,0.0003,1.213
thumb-chihiro002.png,B_improved,ok,,"Scene: The image shows a young girl standing next to a large green monster statue in a forest. Characters: monster, girl, person, human. Objects: car, footwear, human face, person. Actions: standing, laughing, wearing, looking. Spatial: girl standing next to a car with a g. Region: A young girl standing next to a car with a green monster on the hood.. Region: person. Region: human face.","In the heart of the dense forest, a young girl stood beside a large green monster statue, her eyes sparkling with laughter as she gazed at the towering figure. The creature, a fearsome green beast with scales that shimmered like liquid gold, stood proudly on its hind legs, its eyes fixed on the girl with a mischievous glint. The girl, dressed in a simple yet stylish outfit, wore a pair of comfortable sneakers and a pair of oversized cowboy boots, her face a mix of mischief and mischief, as she laughed at the absurdity of the situation. The car, a sleek red sports car, was parked nearby, its headlights casting a warm glow over the forest.",15.39,22.87,38.26,116,True,False,0.27680933475494385,0.21195687353610992,0.4260094463825226,0.06470068544149399,0.11313243210315704,red,0.712277951836586,False,0,6,1,0.0088,0.9912,1.029,1.479,0.0005,2.51
thumb-chihiro004.png,A_baseline,ok,,a man and woman sitting at a table eating food,"A man and woman sat at a table, their faces in a serene expression as they ate their meal together. The table was set with plates and utensils, and the aroma of the food filled the air. They were enjoying their meal, savoring every bite, and the conversation flowed easily between them.",1.45,12.5,13.95,52,False,False,0.2636551856994629,0.230113685131073,0.30934804677963257,0.002956843702122569,0.005423396825790405,,0.9018977577177187,False,0,2,0,0.0,1.0,0.589,0.359,0.0003,0.95
thumb-chihiro004.png,B_improved,ok,,"Scene: The image shows a family of three - a man, a woman and a child - sitting at a table in a restaurant. Characters: dog, man, woman, person, human, child. Objects: human face, man, woman. Actions: eating, sitting, holding, wearing, looking, standing. Region: man eating hot dog in restaurant. Region: woman eating red fish in restaurant. Region: person.","In the bustling restaurant, the family sat at a table, their faces all focused on their meal. The man, with his golden fur and expressive eyes, was savoring his hot dog. The woman, with her long hair and a mischievous grin, was munching on a red fish. The child, with a curious look, watched them both with wide eyes.",16.13,16.93,33.06,59,False,False,0.24369308352470398,0.22136743366718292,0.33032217621803284,0.0572485476732254,0.06952182203531265,,0.826948803663254,False,0,0,0,0.0,1.0,0.702,0.638,0.0004,1.341
thumb-chihiro005.png,A_baseline,ok,,a man in a suit and tie is standing on a ledge,"A man in a formal suit and tie stands on a ledge, his eyes fixed on the horizon as he looks out at the bustling city below. The sun is setting, casting a warm glow over the cityscape. He takes a deep breath, feeling the tension in his chest. The man's heart races as he prepares to make a statement, but before he can say anything, the city begins to shake. The man's eyes widen in shock as he realizes that he has just witnessed a massive earthquake. He runs to the nearest building, where he quickly assesses the damage. The man's heart sinks as he realizes that he has lost everything.",1.53,25.16,26.69,112,True,False,0.22179855406284332,0.21443547308444977,0.21161752939224243,0.2866584360599518,0.9819679856300354,,0.6767994364102682,True,0,10,5,0.0455,0.9545,0.742,0.552,0.0005,1.295
thumb-chihiro005.png,B_improved,ok,,"Scene: The image shows a young boy with green hair, wearing a blue shirt and a purple belt, standing on a balcony overlooking a. Characters: man, human, boy. Objects: human face, person. Actions: standing, flying, holding, wearing, looking. Region: A young man with green hair and a blue shirt is standing on a red railing.. Region: human face. Style: peaceful.","In a tranquil garden, a young man with green hair and a blue shirt stands on a red railing, his eyes fixed on the distant balcony. He holds a small, delicate person in his arms, who looks up at him with a curious gaze. The scene is serene, filled with the gentle rustling of leaves and the soft hum of birdsong.",14.5,20.4,34.9,61,False,False,0.24055002629756927,0.2267155796289444,0.3139503002166748,0.05027252435684204,0.07693298906087875,,0.8213577270507812,False,0,0,0,0.0,1.0,0.68,0.494,0.0003,1.175
thumb-chihiro006.png,A_baseline,ok,,a pig is painting a picture of a man,"A pig, with its long snout and bushy tail, was painting a picture of a man in a field. The pig's eyes were fixed on the figure, his brush strokes soft and gentle, capturing every detail of the man's face and body. The pig's face was a mix of joy and sadness, as if the man had just been through a difficult time. The pig's heart was full of love for the man, who had brought so much happiness to their lives.",2.24,20.19,22.43,82,True,False,0.28476056456565857,0.2718437910079956,0.2726479172706604,0.1347789764404297,0.4842175543308258,,0.905449914932251,True,0,3,0,0.0,1.0,0.5,0.563,0.0003,1.065
thumb-chihiro006.png,B_improved,ok,,"Scene: The image is an illustration of a pig wearing a blue shirt. Characters: pig. Objects: pig. Actions: holding, wearing, standing. Region: A cartoon pig with a blue shirt and a green leafy vegetable in its mouth.. Style: bright.","Once upon a time, in a quaint village nestled between rolling hills and whispering woods, there lived a pig named Piglet. His coat was a vibrant shade of blue, a symbol of his carefree days spent playing in the fields. One sunny morning, Piglet decided to take a stroll through the village square, where he met a curious young girl named Lily. Lily, with her green eyes that sparkled like the leaves in the garden, noticed Piglet's blue shirt and smiled warmly. ""Hello, Piglet! What brings you here?"" she asked, her voice filled with curiosity. Piglet, with a mischievous grin, replied, ""I'm just passing through, Lily.",17.23,30.03,47.26,106,True,False,0.2515013515949249,0.18727906048297882,0.3153511881828308,0.04850735515356064,0.15626002848148346,,0.8512673288583756,True,0,1,0,0.0,1.0,0.94,1.028,0.0008,1.971
thumb-chihiro007.png,A_baseline,ok,,a restaurant with a table and chairs,"In a quaint town nestled between rolling hills, there stood a cozy restaurant known for its warm ambiance and delicious cuisine. The restaurant was a charming retreat, with a rustic wooden floor and a cozy fireplace that added warmth to the space. The tables were arranged in a traditional French style, with each chair upholstered in rich, dark wood. The air was filled with the scent of aged cheese and the sound of laughter from patrons enjoying their meals. As the sun began to set, casting long shadows across the room, the restaurant transformed into a magical place. The atmosphere was electric, with the sound of music playing softly in the background, adding to the enchanting ambiance.",1.35,31.99,33.34,117,True,False,0.23714762926101685,0.20890410244464874,0.2210131734609604,0.13824579119682312,0.7171770930290222,,0.7770953615506491,True,0,7,1,0.0087,0.9913,0.875,0.585,0.0007,1.463
thumb-chihiro007.png,B_improved,ok,,"Scene: The image shows the entrance of a Chinese restaurant. Characters: bird. Objects: bowl, chair, lantern, stool. Region: chair. Region: stool. Region: lantern. Style: lively.","In the heart of the bustling city, where the neon lights flickered and the chatter of people filled the air, there stood a quaint Chinese restaurant. The entrance was adorned with a bowl, a chair, a lantern, and a stool. The bowl was filled with steaming rice, the chair was comfortable for the patrons to sit, the lantern cast a warm glow, and the stool provided a place for the birds to perch. The scene was alive with the sounds of conversation and the aroma of delicious food wafting through the air.",19.01,17.28,36.29,92,True,False,0.26814815402030945,0.24239914119243622,0.36552825570106506,0.011320505291223526,0.020086592063307762,,0.9105335419376692,True,0,4,0,0.0,1.0,0.576,0.416,0.0003,0.993
thumb-chihiro008.png,A_baseline,ok,,a scene of a town with a man and a dog,"In the heart of a bustling town, where the streets buzz with life, stood a quaint little house. Inside, a man sat at his desk, surrounded by piles of papers and a book he had been reading for hours. His eyes were fixed on the page, lost in thought. Across the room, a small dog lay on the floor, its fur tousled and wagging its tail. The dog's owner, a woman, sat beside him, her hands clasped together, her face expressionless as she watched the man's thoughts. The man's mind wandered to the latest news from his city, the weather forecast, and the upcoming election. He couldn't help but think about his own life, the challenges he faced every day.",1.82,36.64,38.46,120,True,False,0.21697457134723663,0.19541257619857788,0.2885856032371521,0.7270439863204956,0.9986572265625,,0.48778126239776615,False,0,2,0,0.0,1.0,0.718,0.532,0.0005,1.252
thumb-chihiro008.png,B_improved,ok,,"Scene: The image is a screenshot from a video game. Characters: person, woman, figure. Objects: chair, person, window, A small red building with a green door and red lights.. Actions: holding, wearing, standing. Region: A small red building with a green door and red lights.. Region: person. Style: dark.","In the dimly lit corner of a small red building, a figure stood tall against the backdrop of a green door and red lights. Her figure was small, yet she held a chair that seemed to be made of something soft and inviting. She wore a simple, dark-colored outfit that matched her small frame, and her eyes were a deep shade of red, reflecting the harsh light of the room. The scene was one of quiet contemplation, as if the woman was lost in thought or meditating.",17.48,24.55,42.03,87,True,False,0.24050092697143555,0.20656010508537292,0.3272077441215515,0.0522569976747036,0.10010837763547897,,0.82043300618728,True,0,1,0,0.0,1.0,1.789,0.76,0.0006,2.553
